INSERT INTO `pcs_prc_function` (`id`, `name`, `code`, `parent_function_id`, `sort`, `type`, `bgroup`) VALUES ('03dd3aa23ce98c638471eec6ce3aaf19', '系统信息', 'system', NULL, 34, '1', 'matflow');
INSERT INTO `pcs_prc_function` (`id`, `name`, `code`, `parent_function_id`, `sort`, `type`, `bgroup`) VALUES ('043e412151db118d27f2ab60d8ff73a0', '同步数据', 'user_dir_sync', '585d26bcbdf3047e502e4aa51c816090', 19, '1', 'matflow');
INSERT INTO `pcs_prc_function` (`id`, `name`, `code`, `parent_function_id`, `sort`, `type`, `bgroup`) VALUES ('0c73e628fd5410c382f28a956304a9d7', '插件', 'plugin', NULL, 8, '1', 'matflow');
INSERT INTO `pcs_prc_function` (`id`, `name`, `code`, `parent_function_id`, `sort`, `type`, `bgroup`) VALUES ('325c2503007fd5127baca9d7618e8291', '编辑组织', 'orga_update_orga', '6b61fbe5091a8e04d2b016f15d598f1f', 13, '1', 'matflow');
INSERT INTO `pcs_prc_function` (`id`, `name`, `code`, `parent_function_id`, `sort`, `type`, `bgroup`) VALUES ('428be660dea3db2a2c5a613420b3ead7', '编辑用户', 'user_update_user', '5fb7863b09a8d0c99cef173e18106fb3', 16, '1', 'matflow');
INSERT INTO `pcs_prc_function` (`id`, `name`, `code`, `parent_function_id`, `sort`, `type`, `bgroup`) VALUES ('447d9998fc00fe64c96c6f09f0d41c32', '禁止', 'user_dir_forbid', '585d26bcbdf3047e502e4aa51c816090', 21, '1', 'matflow');
INSERT INTO `pcs_prc_function` (`id`, `name`, `code`, `parent_function_id`, `sort`, `type`, `bgroup`) VALUES ('47784cff8b3c54f009705ea783461221', '主机配置', 'host', NULL, 26, '1', 'matflow');
INSERT INTO `pcs_prc_function` (`id`, `name`, `code`, `parent_function_id`, `sort`, `type`, `bgroup`) VALUES ('49e12c2b8fca01894886211df2b797d0', '权限', 'permission', NULL, 5, '1', 'matflow');
INSERT INTO `pcs_prc_function` (`id`, `name`, `code`, `parent_function_id`, `sort`, `type`, `bgroup`) VALUES ('57a3bcd1e5fedd77824359d06b06fe49', '添加用户', 'user_add_user', '5fb7863b09a8d0c99cef173e18106fb3', 15, '1', 'matflow');
INSERT INTO `pcs_prc_function` (`id`, `name`, `code`, `parent_function_id`, `sort`, `type`, `bgroup`) VALUES ('585d26bcbdf3047e502e4aa51c816090', '用户目录', 'user_dir', NULL, 4, '1', 'matflow');
INSERT INTO `pcs_prc_function` (`id`, `name`, `code`, `parent_function_id`, `sort`, `type`, `bgroup`) VALUES ('5fb7863b09a8d0c99cef173e18106fb3', '成员', 'user', NULL, 3, '1', 'matflow');
INSERT INTO `pcs_prc_function` (`id`, `name`, `code`, `parent_function_id`, `sort`, `type`, `bgroup`) VALUES ('64bdf62686a4939c1061422394ded7cd', '版本与许可证', 'version', NULL, 10, '1', 'matflow');
INSERT INTO `pcs_prc_function` (`id`, `name`, `code`, `parent_function_id`, `sort`, `type`, `bgroup`) VALUES ('6b61fbe5091a8e04d2b016f15d598f1f', '部门', 'orga', NULL, 2, '1', 'matflow');
INSERT INTO `pcs_prc_function` (`id`, `name`, `code`, `parent_function_id`, `sort`, `type`, `bgroup`) VALUES ('715a723396096aef0dca4bafa8f4cd24', '更改流水线权限', 'seting_auth', '8700a662f1aebb83f790783c3abe15b5', 1, '2', 'matflow');
INSERT INTO `pcs_prc_function` (`id`, `name`, `code`, `parent_function_id`, `sort`, `type`, `bgroup`) VALUES ('798f63da3ae51964796e275485925a47', '成员与部门', 'orga_user', NULL, 1, '1', 'matflow');
INSERT INTO `pcs_prc_function` (`id`, `name`, `code`, `parent_function_id`, `sort`, `type`, `bgroup`) VALUES ('8700a662f1aebb83f790783c3abe15b5', '流水线设置', 'pipeline_seting', NULL, 1, '2', 'matflow');
INSERT INTO `pcs_prc_function` (`id`, `name`, `code`, `parent_function_id`, `sort`, `type`, `bgroup`) VALUES ('890e7d41decf71cfe3b0e80b0c4179cf', '配置', 'user_dir_config', '585d26bcbdf3047e502e4aa51c816090', 22, '1', 'matflow');
INSERT INTO `pcs_prc_function` (`id`, `name`, `code`, `parent_function_id`, `sort`, `type`, `bgroup`) VALUES ('925371be8ec674a06613bf8e37ec356c', '开启', 'user_dir_open', '585d26bcbdf3047e502e4aa51c816090', 20, '1', 'matflow');
INSERT INTO `pcs_prc_function` (`id`, `name`, `code`, `parent_function_id`, `sort`, `type`, `bgroup`) VALUES ('9314739a13fedc65c948180d7702f518', '操作日志', 'log', NULL, 9, '1', 'matflow');
INSERT INTO `pcs_prc_function` (`id`, `name`, `code`, `parent_function_id`, `sort`, `type`, `bgroup`) VALUES ('9633d947588684a5881ccff9eaa3aba0', '修改角色', 'user_update_role', '5fb7863b09a8d0c99cef173e18106fb3', 18, '1', 'matflow');
INSERT INTO `pcs_prc_function` (`id`, `name`, `code`, `parent_function_id`, `sort`, `type`, `bgroup`) VALUES ('96950f6c591db90081a065e619d1645b', '流水线用户', 'pipeline_user', NULL, 38, '2', 'matflow');
INSERT INTO `pcs_prc_function` (`id`, `name`, `code`, `parent_function_id`, `sort`, `type`, `bgroup`) VALUES ('9a85c4041ea9a0e98d86ba7db9ba7539', '服务配置', 'server', NULL, 25, '1', 'matflow');
INSERT INTO `pcs_prc_function` (`id`, `name`, `code`, `parent_function_id`, `sort`, `type`, `bgroup`) VALUES ('9c57b5343ffed09c5d806a96433b0aca', '认证配置', 'auth', NULL, 1, '1', 'matflow');
INSERT INTO `pcs_prc_function` (`id`, `name`, `code`, `parent_function_id`, `sort`, `type`, `bgroup`) VALUES ('9c99b8a096c8788bc27be5122d0700e8', '添加组织', 'orga_add_orga', '6b61fbe5091a8e04d2b016f15d598f1f', 11, '1', 'matflow');
INSERT INTO `pcs_prc_function` (`id`, `name`, `code`, `parent_function_id`, `sort`, `type`, `bgroup`) VALUES ('af9697436cfd156cad21fcce5ca0c424', '基础数据', 'basics', NULL, 36, '1', 'matflow');
INSERT INTO `pcs_prc_function` (`id`, `name`, `code`, `parent_function_id`, `sort`, `type`, `bgroup`) VALUES ('c08882dca6ab325b10fb2b7c0cfc8156', '重命名', 'pipeline_name', '8700a662f1aebb83f790783c3abe15b5', 1, '2', 'matflow');
INSERT INTO `pcs_prc_function` (`id`, `name`, `code`, `parent_function_id`, `sort`, `type`, `bgroup`) VALUES ('c80b65d2cb975639de41f22b02fba92d', '环境配置', 'env', NULL, 35, '1', 'matflow');
INSERT INTO `pcs_prc_function` (`id`, `name`, `code`, `parent_function_id`, `sort`, `type`, `bgroup`) VALUES ('cb954a7c0be3b37fcc96ec023924262c', '添加用户', 'orga_add_user', '6b61fbe5091a8e04d2b016f15d598f1f', 12, '1', 'matflow');
INSERT INTO `pcs_prc_function` (`id`, `name`, `code`, `parent_function_id`, `sort`, `type`, `bgroup`) VALUES ('d5535a61c9cefaccd71b44d298474775', '删除流水线', 'pipeline_delete', '8700a662f1aebb83f790783c3abe15b5', 1, '2', 'matflow');
INSERT INTO `pcs_prc_function` (`id`, `name`, `code`, `parent_function_id`, `sort`, `type`, `bgroup`) VALUES ('d5e1ecaae2e07789ae934f3c73eab502', '流水线权限', 'pipeline_auth', NULL, 37, '2', 'matflow');
INSERT INTO `pcs_prc_function` (`id`, `name`, `code`, `parent_function_id`, `sort`, `type`, `bgroup`) VALUES ('dd81bdbb52bca933d1e7336f9c877f8e', '删除用户', 'user_delete_user', '5fb7863b09a8d0c99cef173e18106fb3', 17, '1', 'matflow');
INSERT INTO `pcs_prc_function` (`id`, `name`, `code`, `parent_function_id`, `sort`, `type`, `bgroup`) VALUES ('e8bf9843bc9da8d3c4c33e31174496b3', '删除组织', 'orga_delete_orga', '6b61fbe5091a8e04d2b016f15d598f1f', 14, '1', 'matflow');
INSERT INTO `pcs_prc_function` (`id`, `name`, `code`, `parent_function_id`, `sort`, `type`, `bgroup`) VALUES ('edb60bf65e4279e46ce21210b3213bd8', '待办任务', 'todotask', NULL, 7, '1', 'matflow');
INSERT INTO `pcs_prc_function` (`id`, `name`, `code`, `parent_function_id`, `sort`, `type`, `bgroup`) VALUES ('f6f51f9441339cd20013f4f20c378dc6', '消息通知', 'message', NULL, 6, '1', 'matflow');


INSERT INTO pcs_prc_role (id,name,description,grouper,type,bgroup) VALUES ('matflow', 'admin','管理员','system','1','matflow');
INSERT INTO pcs_prc_role (id,name,description,grouper,type,bgroup) VALUES ('matflowUser', '项目角色','项目角色','system','1','matflow');


INSERT INTO pcs_prc_role_user (id,role_id,user_id,bgroup) VALUES ('matflow', 'matflow','111111','matflow');
INSERT INTO pcs_prc_role_user (id,role_id,user_id,bgroup)  VALUES ('matflowUser', 'matflowUser','f7d301865bb64ef21ef88f8cd58a69a5','matflow');



INSERT INTO `pcs_prc_role_function` (`id`, `role_id`, `function_id`, `bgroup`) VALUES ('0734a8162ef1dc2acdc4b20063a1a682', 'matflow', '585d26bcbdf3047e502e4aa51c816090', 'matflow');
INSERT INTO `pcs_prc_role_function` (`id`, `role_id`, `function_id`, `bgroup`) VALUES ('14ad0f8e4d882764b3b68d4aeb9e9775', 'matflow', '64bdf62686a4939c1061422394ded7cd', 'matflow');
INSERT INTO `pcs_prc_role_function` (`id`, `role_id`, `function_id`, `bgroup`) VALUES ('14b3007137810f6e731933672dc364b2', 'matflow', '9633d947588684a5881ccff9eaa3aba0', 'matflow');
INSERT INTO `pcs_prc_role_function` (`id`, `role_id`, `function_id`, `bgroup`) VALUES ('19493f46a8f3d60359811af6a374f6b3', 'matflow', '798f63da3ae51964796e275485925a47', 'matflow');
INSERT INTO `pcs_prc_role_function` (`id`, `role_id`, `function_id`, `bgroup`) VALUES ('1eea201f026b23dbf28823a11d716ec2', 'matflow', '043e412151db118d27f2ab60d8ff73a0', 'matflow');
INSERT INTO `pcs_prc_role_function` (`id`, `role_id`, `function_id`, `bgroup`) VALUES ('37cb7983c1d3c01cea3b7ffb7e9acc28', 'matflow', '447d9998fc00fe64c96c6f09f0d41c32', 'matflow');
INSERT INTO `pcs_prc_role_function` (`id`, `role_id`, `function_id`, `bgroup`) VALUES ('4409344946530147e7d12c8a8e0e31bc', 'matflow', '428be660dea3db2a2c5a613420b3ead7', 'matflow');
INSERT INTO `pcs_prc_role_function` (`id`, `role_id`, `function_id`, `bgroup`) VALUES ('4f29ad131acc6bc4557d9654d82aa4fd', 'matflow', '0c73e628fd5410c382f28a956304a9d7', 'matflow');
INSERT INTO `pcs_prc_role_function` (`id`, `role_id`, `function_id`, `bgroup`) VALUES ('61324f90eb21ea82af4248d2db2ed5ba', 'matflow', '925371be8ec674a06613bf8e37ec356c', 'matflow');
INSERT INTO `pcs_prc_role_function` (`id`, `role_id`, `function_id`, `bgroup`) VALUES ('6441bacaf64da2c17c62e43cf6af7168', 'matflow', '5fb7863b09a8d0c99cef173e18106fb3', 'matflow');
INSERT INTO `pcs_prc_role_function` (`id`, `role_id`, `function_id`, `bgroup`) VALUES ('6599eee24ca8b8a34332d44cfe791040', 'matflow', 'af9697436cfd156cad21fcce5ca0c424', 'matflow');
INSERT INTO `pcs_prc_role_function` (`id`, `role_id`, `function_id`, `bgroup`) VALUES ('72a7e7aa6d5d132277f7e8063172a11a', 'matflow', '57a3bcd1e5fedd77824359d06b06fe49', 'matflow');
INSERT INTO `pcs_prc_role_function` (`id`, `role_id`, `function_id`, `bgroup`) VALUES ('7efbf67317202d1bcbe73171e4fafd3c', 'matflow', '49e12c2b8fca01894886211df2b797d0', 'matflow');
INSERT INTO `pcs_prc_role_function` (`id`, `role_id`, `function_id`, `bgroup`) VALUES ('88ce66434d2714620f9b5192a39809f6', 'matflow', 'edb60bf65e4279e46ce21210b3213bd8', 'matflow');
INSERT INTO `pcs_prc_role_function` (`id`, `role_id`, `function_id`, `bgroup`) VALUES ('8af599eac83d73fdbe05f572f32fd0c6', 'matflow', '9c57b5343ffed09c5d806a96433b0aca', 'matflow');
INSERT INTO `pcs_prc_role_function` (`id`, `role_id`, `function_id`, `bgroup`) VALUES ('99d5610c4a2ed19c37a4554a1b980a5d', 'matflow', '47784cff8b3c54f009705ea783461221', 'matflow');
INSERT INTO `pcs_prc_role_function` (`id`, `role_id`, `function_id`, `bgroup`) VALUES ('9e16ceca78262208a211b41d6dddd6de', 'matflow', '9a85c4041ea9a0e98d86ba7db9ba7539', 'matflow');
INSERT INTO `pcs_prc_role_function` (`id`, `role_id`, `function_id`, `bgroup`) VALUES ('a0e5a6522177e6969ced7cca76b2487c', 'matflow', 'cb954a7c0be3b37fcc96ec023924262c', 'matflow');
INSERT INTO `pcs_prc_role_function` (`id`, `role_id`, `function_id`, `bgroup`) VALUES ('a254f993b4ca1d9e1d3383d81a78c768', 'matflow', '9314739a13fedc65c948180d7702f518', 'matflow');
INSERT INTO `pcs_prc_role_function` (`id`, `role_id`, `function_id`, `bgroup`) VALUES ('b29a157735eb796b5decab5f3f631b2a', 'matflow', 'e8bf9843bc9da8d3c4c33e31174496b3', 'matflow');
INSERT INTO `pcs_prc_role_function` (`id`, `role_id`, `function_id`, `bgroup`) VALUES ('bd5571c0c995ebc5283f1a50acd39794', 'matflow', '325c2503007fd5127baca9d7618e8291', 'matflow');
INSERT INTO `pcs_prc_role_function` (`id`, `role_id`, `function_id`, `bgroup`) VALUES ('c434234e4cb32af4d2bede546a74f01f', 'matflow', '890e7d41decf71cfe3b0e80b0c4179cf', 'matflow');
INSERT INTO `pcs_prc_role_function` (`id`, `role_id`, `function_id`, `bgroup`) VALUES ('c99a2e0f23e50eb277fb7701ecf6de58', 'matflow', 'c80b65d2cb975639de41f22b02fba92d', 'matflow');
INSERT INTO `pcs_prc_role_function` (`id`, `role_id`, `function_id`, `bgroup`) VALUES ('c9bb3053db6a4bfa91af97f80c0fc4d8', 'matflow', '9c99b8a096c8788bc27be5122d0700e8', 'matflow');
INSERT INTO `pcs_prc_role_function` (`id`, `role_id`, `function_id`, `bgroup`) VALUES ('d91ff47cbf401542b5ad7c58edad349f', 'matflow', '6b61fbe5091a8e04d2b016f15d598f1f', 'matflow');
INSERT INTO `pcs_prc_role_function` (`id`, `role_id`, `function_id`, `bgroup`) VALUES ('e54d9206ba5e5473aa490f2d79375f32', 'matflow', 'f6f51f9441339cd20013f4f20c378dc6', 'matflow');
INSERT INTO `pcs_prc_role_function` (`id`, `role_id`, `function_id`, `bgroup`) VALUES ('fa041fe4f7b6222ce8ed242438be3883', 'matflow', 'dd81bdbb52bca933d1e7336f9c877f8e', 'matflow');
INSERT INTO `pcs_prc_role_function` (`id`, `role_id`, `function_id`, `bgroup`) VALUES ('ffd2b278b7d2fe985c36e10877e48eff', 'matflow', '03dd3aa23ce98c638471eec6ce3aaf19', 'matflow');


INSERT INTO `pcs_prc_role_function` (`id`, `role_id`, `function_id`, `bgroup`) VALUES ('0553377a08ac3a23386e1af271c47911', 'matflowUser', '64bdf62686a4939c1061422394ded7cd', 'matflow');
INSERT INTO `pcs_prc_role_function` (`id`, `role_id`, `function_id`, `bgroup`) VALUES ('434ab0c6e34f2aa07cef89347aab55f8', 'matflowUser', 'f6f51f9441339cd20013f4f20c378dc6', 'matflow');
INSERT INTO `pcs_prc_role_function` (`id`, `role_id`, `function_id`, `bgroup`) VALUES ('4917206e0cc9151dfdc4449cd7827e95', 'matflowUser', '03dd3aa23ce98c638471eec6ce3aaf19', 'matflow');
INSERT INTO `pcs_prc_role_function` (`id`, `role_id`, `function_id`, `bgroup`) VALUES ('58bfb5fd1370380214b0d477880a56e7', 'matflowUser', 'c80b65d2cb975639de41f22b02fba92d', 'matflow');
INSERT INTO `pcs_prc_role_function` (`id`, `role_id`, `function_id`, `bgroup`) VALUES ('8623c658e16cbcc4979dd83d419d52c2', 'matflowUser', '47784cff8b3c54f009705ea783461221', 'matflow');
INSERT INTO `pcs_prc_role_function` (`id`, `role_id`, `function_id`, `bgroup`) VALUES ('86f5b535b1034e84590c1489ea66902f', 'matflowUser', 'af9697436cfd156cad21fcce5ca0c424', 'matflow');
INSERT INTO `pcs_prc_role_function` (`id`, `role_id`, `function_id`, `bgroup`) VALUES ('90083f4f46dff3acbdb62266cb6a0cda', 'matflowUser', '9c57b5343ffed09c5d806a96433b0aca', 'matflow');
INSERT INTO `pcs_prc_role_function` (`id`, `role_id`, `function_id`, `bgroup`) VALUES ('b9829cac1955f60348b030ed5f0adec3', 'matflowUser', '9a85c4041ea9a0e98d86ba7db9ba7539', 'matflow');
INSERT INTO `pcs_prc_role_function` (`id`, `role_id`, `function_id`, `bgroup`) VALUES ('ddbc640ab0cb438766aea0b4c9ba8b63', 'matflowUser', '9314739a13fedc65c948180d7702f518', 'matflow');
INSERT INTO `pcs_prc_role_function` (`id`, `role_id`, `function_id`, `bgroup`) VALUES ('f9ad961dc18f902a64d697a32175b79c', 'matflowUser', 'edb60bf65e4279e46ce21210b3213bd8', 'matflow');





INSERT INTO `pcs_prc_role_function` (`id`, `role_id`, `function_id`, `bgroup`) VALUES ('433219f00d60367a857101ba480bdeef', 'matflow', 'd5535a61c9cefaccd71b44d298474775', 'matflow');
INSERT INTO `pcs_prc_role_function` (`id`, `role_id`, `function_id`, `bgroup`) VALUES ('9e422ee37d8595fbed3300e66b96c3e1', 'matflow', '49e12c2b8fca01894886211df2b797d0', 'matflow');
INSERT INTO `pcs_prc_role_function` (`id`, `role_id`, `function_id`, `bgroup`) VALUES ('ac766fe1aa354b3258175eed0806ed3f', 'matflow', 'c08882dca6ab325b10fb2b7c0cfc8156', 'matflow');
INSERT INTO `pcs_prc_role_function` (`id`, `role_id`, `function_id`, `bgroup`) VALUES ('b34136d10db317f4a901ea1c71c85edd', 'matflow', '715a723396096aef0dca4bafa8f4cd24', 'matflow');
INSERT INTO `pcs_prc_role_function` (`id`, `role_id`, `function_id`, `bgroup`) VALUES ('bc54b92e465a0c062954b6d7ca51ecef', 'matflow', 'd5e1ecaae2e07789ae934f3c73eab502', 'matflow');
INSERT INTO `pcs_prc_role_function` (`id`, `role_id`, `function_id`, `bgroup`) VALUES ('c8c7cd6eaa9d2dd4c2e6236aa460165d', 'matflow', '8700a662f1aebb83f790783c3abe15b5', 'matflow');
INSERT INTO `pcs_prc_role_function` (`id`, `role_id`, `function_id`, `bgroup`) VALUES ('efe855f7e8455e4d15a2f358b4e7f568', 'matflow', '96950f6c591db90081a065e619d1645b', 'matflow');


INSERT INTO `pcs_prc_role_function` (`id`, `role_id`, `function_id`, `bgroup`) VALUES ('3313ff028663f2c088cca56b13be7ef6', 'matflowUser', 'c08882dca6ab325b10fb2b7c0cfc8156', 'matflow');
INSERT INTO `pcs_prc_role_function` (`id`, `role_id`, `function_id`, `bgroup`) VALUES ('6be2e7f9a8c73d93d5fcb026ac24f0c3', 'matflowUser', '8700a662f1aebb83f790783c3abe15b5', 'matflow');



















